id,first_name,last_name,email,gender,ip_address
1,Robinia,Fazan,rfazan0@ustream.tv,Female,255.179.30.110
2,Adara,Grishanov,agrishanov1@deliciousdays.com,Female,19.43.143.118
3,Erminie,Bownd,ebownd2@livejournal.com,Female,94.206.79.192
4,Brock,Fearnsides,bfearnsides3@state.tx.us,Genderfluid,213.125.114.104
5,Carmella,Coggen,ccoggen4@amazon.co.jp,Bigender,70.175.143.139
6,Stesha,Rudkin,srudkin5@baidu.com,Female,224.132.213.185
7,Atlante,Drynan,adrynan6@mac.com,Female,147.104.110.161
8,Mellisent,Kingsnode,mkingsnode7@vinaora.com,Female,143.235.189.12
9,Julietta,Swainger,jswainger8@amazon.co.jp,Female,198.64.198.249
10,Cherrita,Hoy,choy9@diigo.com,Female,34.16.241.1
11,Zachery,Edwicke,zedwickea@si.edu,Male,18.234.77.205
12,Haley,Lewer,hlewerb@is.gd,Female,130.171.87.68
13,Jessamine,Queyos,jqueyosc@abc.net.au,Female,192.148.165.85
14,Zachary,Kilgallon,zkilgallond@moonfruit.com,Male,215.30.230.233
15,Whitman,Tzar,wtzare@yandex.ru,Male,50.18.249.58
16,Fidela,Batcheldor,fbatcheldorf@issuu.com,Female,165.166.131.63
17,Bren,Badwick,bbadwickg@blogger.com,Bigender,194.245.232.170
18,Virgil,Freemantle,vfreemantleh@ning.com,Male,164.148.185.198
19,Jazmin,Zorro,jzorroi@toplist.cz,Female,132.133.30.65
20,Aurie,Plastow,aplastowj@flickr.com,Female,207.150.178.82
21,Tessa,Ubank,tubankk@ucla.edu,Female,62.77.177.94
22,Kalle,Battye,kbattyel@youku.com,Male,113.108.124.211
23,Arline,Hanster,ahansterm@msu.edu,Female,200.196.184.223
24,Lyndsay,Goldsack,lgoldsackn@comsenz.com,Female,44.252.255.42
25,Gabby,Littleover,glittleovero@unc.edu,Male,38.48.157.158
26,Stearn,La Grange,slagrangep@hibu.com,Male,198.8.75.160
27,Merv,Custed,mcustedq@icio.us,Male,73.254.155.175
28,Rex,Claussen,rclaussenr@businesswire.com,Male,85.213.111.190
29,Bond,Feldon,bfeldons@craigslist.org,Male,220.117.242.146
30,Lucretia,Readie,lreadiet@myspace.com,Female,133.123.52.10
31,Pietrek,Silby,psilbyu@dailymotion.com,Male,147.191.65.83
32,Kincaid,Shirtcliffe,kshirtcliffev@ustream.tv,Male,109.220.237.130
33,Darice,Gerdes,dgerdesw@timesonline.co.uk,Female,102.247.226.31
34,Andree,Leyden,aleydenx@yellowbook.com,Female,108.33.241.152
35,Hilary,Lamerton,hlamertony@washington.edu,Male,202.243.188.167
36,Nancy,Nethercott,nnethercottz@vinaora.com,Non-binary,89.118.19.109
37,Johnath,Najara,jnajara10@ca.gov,Agender,56.199.123.102
38,Francene,Mecco,fmecco11@yellowbook.com,Female,138.106.120.227
39,Rowe,Gerren,rgerren12@woothemes.com,Female,98.239.21.168
40,Leela,Persitt,lpersitt13@tripod.com,Female,108.80.227.172
41,Guillema,Bearns,gbearns14@etsy.com,Female,245.67.60.177
42,Stevy,Prise,sprise15@disqus.com,Male,243.248.240.75
43,Marybeth,Danforth,mdanforth16@mozilla.org,Female,53.170.138.66
44,Vidovic,Pavlovic,vpavlovic17@rediff.com,Male,93.122.95.143
45,Keene,Ferraro,kferraro18@ucoz.com,Male,249.141.83.237
46,Herby,Mansell,hmansell19@apache.org,Male,194.219.8.192
47,Joellyn,Goady,jgoady1a@mapquest.com,Female,119.167.15.131
48,Michale,Conklin,mconklin1b@cisco.com,Male,160.60.212.206
49,Lillian,Olivazzi,lolivazzi1c@myspace.com,Female,18.54.240.17
50,Goldia,Fairebrother,gfairebrother1d@ovh.net,Female,28.1.197.110
51,Annice,Deamer,adeamer1e@digg.com,Female,183.103.98.146
52,Bert,Bamfield,bbamfield1f@delicious.com,Male,130.206.97.26
53,Herb,Starbuck,hstarbuck1g@gnu.org,Male,172.85.124.159
54,Sander,Measham,smeasham1h@joomla.org,Male,151.131.143.124
55,Schuyler,Dummett,sdummett1i@google.cn,Male,140.47.198.97
56,Ringo,Gomme,rgomme1j@google.ca,Male,101.166.247.195
57,Noreen,Thys,nthys1k@canalblog.com,Genderfluid,36.24.85.165
58,Cordie,Rostern,crostern1l@istockphoto.com,Female,9.167.195.208
59,Winifield,Harling,wharling1m@themeforest.net,Male,76.242.226.220
60,Arabel,Spoward,aspoward1n@twitpic.com,Female,220.205.224.27
61,Kaela,Coghill,kcoghill1o@tripadvisor.com,Female,239.156.131.216
62,Madge,Liddy,mliddy1p@nih.gov,Female,185.114.176.233
63,Alisa,Edghinn,aedghinn1q@naver.com,Female,20.54.23.162
64,Vinny,Hindenberger,vhindenberger1r@google.it,Male,202.72.3.184
65,Grata,Volage,gvolage1s@kickstarter.com,Female,218.182.5.166
66,Frasco,Wandtke,fwandtke1t@abc.net.au,Male,8.206.19.1
67,Erminia,Temby,etemby1u@tinyurl.com,Female,230.57.42.251
68,Courtnay,Cluley,ccluley1v@princeton.edu,Genderfluid,200.122.58.39
69,Abigale,Blessed,ablessed1w@va.gov,Female,107.3.158.122
70,Meridith,Gouley,mgouley1x@wikispaces.com,Female,116.250.107.6
71,Emelda,Deaville,edeaville1y@umn.edu,Genderqueer,158.117.98.5
72,Leesa,Gorringe,lgorringe1z@psu.edu,Female,164.227.37.1
73,Anabal,Carlesi,acarlesi20@diigo.com,Female,47.254.74.60
74,Rayna,Lenden,rlenden21@mlb.com,Female,81.182.251.30
75,Demetre,Brice,dbrice22@cnbc.com,Male,128.51.169.91
76,Bobbee,Hackinge,bhackinge23@nbcnews.com,Female,48.26.218.147
77,Gaylor,Whear,gwhear24@marriott.com,Agender,156.209.92.248
78,Aveline,Mingo,amingo25@psu.edu,Female,155.205.57.221
79,Miriam,Marshalleck,mmarshalleck26@nifty.com,Female,185.80.150.156
80,Carmelina,Vern,cvern27@redcross.org,Female,254.251.3.137
81,Jo ann,Grimsey,jgrimsey28@privacy.gov.au,Female,117.143.185.47
82,Isidore,Blunsen,iblunsen29@cisco.com,Agender,164.79.182.245
83,Brade,Hilldrup,bhilldrup2a@goodreads.com,Male,38.83.130.162
84,Dagny,Tickel,dtickel2b@msn.com,Male,42.30.17.74
85,Lucienne,Mohan,lmohan2c@ebay.com,Female,69.2.47.47
86,Skipp,Burcombe,sburcombe2d@ucoz.com,Male,154.125.3.228
87,Timi,Downton,tdownton2e@cpanel.net,Agender,216.253.63.57
88,Olva,Bassindale,obassindale2f@google.ru,Female,11.132.200.111
89,Barbee,Pietrzyk,bpietrzyk2g@smh.com.au,Female,74.99.63.187
90,La verne,Gellier,lgellier2h@apple.com,Agender,167.47.227.86
91,Noam,Patey,npatey2i@weather.com,Male,129.186.161.143
92,Selby,Rosengarten,srosengarten2j@so-net.ne.jp,Male,165.232.13.119
93,Joaquin,Philipot,jphilipot2k@blogger.com,Bigender,160.160.253.241
94,Alaster,Heppenspall,aheppenspall2l@army.mil,Male,234.35.127.130
95,Winn,Vallentin,wvallentin2m@howstuffworks.com,Male,226.12.57.95
96,Prince,Shemwell,pshemwell2n@domainmarket.com,Male,133.26.210.233
97,Raffaello,Harlock,rharlock2o@unicef.org,Bigender,148.237.35.55
98,Kippar,Pala,kpala2p@hatena.ne.jp,Male,187.197.189.241
99,Gilligan,Gareisr,ggareisr2q@earthlink.net,Female,207.222.221.185
100,Angelia,Stain,astain2r@theguardian.com,Female,50.92.251.225
101,Isidore,Blunsen,iblunsen29@cisco.com,Agender,164.79.182.245
102,Brade,Hilldrup,bhilldrup2a@goodreads.com,Male,38.83.130.162
103,Dagny,Tickel,dtickel2b@msn.com,Male,42.30.17.74
104,Lucienne,Mohan,lmohan2c@ebay.com,Female,69.2.47.47
105,Skipp,Burcombe,sburcombe2d@ucoz.com,Male,154.125.3.228
106,Timi,Downton,tdownton2e@cpanel.net,Agender,216.253.63.57
107,Olva,Bassindale,obassindale2f@google.ru,Female,11.132.200.111
108,Barbee,Pietrzyk,bpietrzyk2g@smh.com.au,Female,74.99.63.187
109,La verne,Gellier,lgellier2h@apple.com,Agender,167.47.227.86
110,Noam,Patey,npatey2i@weather.com,Male,129.186.161.143
111,Selby,Rosengarten,srosengarten2j@so-net.ne.jp,Male,165.232.13.119
112,Joaquin,Philipot,jphilipot2k@blogger.com,Bigender,160.160.253.241
113,Alaster,Heppenspall,aheppenspall2l@army.mil,Male,234.35.127.130
114,Winn,Vallentin,wvallentin2m@howstuffworks.com,Male,226.12.57.95
115,Prince,Shemwell,pshemwell2n@domainmarket.com,Male,133.26.210.233
116,Raffaello,Harlock,rharlock2o@unicef.org,Bigender,148.237.35.55
117,Kippar,Pala,kpala2p@hatena.ne.jp,Male,187.197.189.241
118,Gilligan,Gareisr,ggareisr2q@earthlink.net,Female,207.222.221.185
119,Angelia,Stain,astain2r@theguardian.com,Female,50.92.251.225
120,Nancy,Nethercott,nnethercottz@vinaora.com,Non-binary,89.118.19.109
121,Johnath,Najara,jnajara10@ca.gov,Agender,56.199.123.102
122,Francene,Mecco,fmecco11@yellowbook.com,Female,138.106.120.227
123,Rowe,Gerren,rgerren12@woothemes.com,Female,98.239.21.168
124,Leela,Persitt,lpersitt13@tripod.com,Female,108.80.227.172
125,Guillema,Bearns,gbearns14@etsy.com,Female,245.67.60.177
126,Stevy,Prise,sprise15@disqus.com,Male,243.248.240.75
127,Marybeth,Danforth,mdanforth16@mozilla.org,Female,53.170.138.66
128,Vidovic,Pavlovic,vpavlovic17@rediff.com,Male,93.122.95.143
129,Keene,Ferraro,kferraro18@ucoz.com,Male,249.141.83.237
130,Herby,Mansell,hmansell19@apache.org,Male,194.219.8.192
131,Joellyn,Goady,jgoady1a@mapquest.com,Female,119.167.15.131
132,Michale,Conklin,mconklin1b@cisco.com,Male,160.60.212.206
133,Lillian,Olivazzi,lolivazzi1c@myspace.com,Female,18.54.240.17
134,Goldia,Fairebrother,gfairebrother1d@ovh.net,Female,28.1.197.110
135,Annice,Deamer,adeamer1e@digg.com,Female,183.103.98.146
136,Bert,Bamfield,bbamfield1f@delicious.com,Male,130.206.97.26
137,Herb,Starbuck,hstarbuck1g@gnu.org,Male,172.85.124.159
138,Sander,Measham,smeasham1h@joomla.org,Male,151.131.143.124
139,Schuyler,Dummett,sdummett1i@google.cn,Male,140.47.198.97
140,Ringo,Gomme,rgomme1j@google.ca,Male,101.166.247.195
141,Noreen,Thys,nthys1k@canalblog.com,Genderfluid,36.24.85.165
142,Cordie,Rostern,crostern1l@istockphoto.com,Female,9.167.195.208
143,Winifield,Harling,wharling1m@themeforest.net,Male,76.242.226.220
144,Arabel,Spoward,aspoward1n@twitpic.com,Female,220.205.224.27
145,Kaela,Coghill,kcoghill1o@tripadvisor.com,Female,239.156.131.216
146,Madge,Liddy,mliddy1p@nih.gov,Female,185.114.176.233
147,Alisa,Edghinn,aedghinn1q@naver.com,Female,20.54.23.162
148,Vinny,Hindenberger,vhindenberger1r@google.it,Male,202.72.3.184
149,Grata,Volage,gvolage1s@kickstarter.com,Female,218.182.5.166
150,Frasco,Wandtke,fwandtke1t@abc.net.au,Male,8.206.19.1
151,Erminia,Temby,etemby1u@tinyurl.com,Female,230.57.42.251
152,Courtnay,Cluley,ccluley1v@princeton.edu,Genderfluid,200.122.58.39
153,Abigale,Blessed,ablessed1w@va.gov,Female,107.3.158.122
154,Meridith,Gouley,mgouley1x@wikispaces.com,Female,116.250.107.6
155,Emelda,Deaville,edeaville1y@umn.edu,Genderqueer,158.117.98.5
156,Leesa,Gorringe,lgorringe1z@psu.edu,Female,164.227.37.1
157,Anabal,Carlesi,acarlesi20@diigo.com,Female,47.254.74.60
158,Rayna,Lenden,rlenden21@mlb.com,Female,81.182.251.30
159,Demetre,Brice,dbrice22@cnbc.com,Male,128.51.169.91
160,Bobbee,Hackinge,bhackinge23@nbcnews.com,Female,48.26.218.147
161,Gaylor,Whear,gwhear24@marriott.com,Agender,156.209.92.248
162,Aveline,Mingo,amingo25@psu.edu,Female,155.205.57.221
163,Miriam,Marshalleck,mmarshalleck26@nifty.com,Female,185.80.150.156
164,Carmelina,Vern,cvern27@redcross.org,Female,254.251.3.137
165,Jo ann,Grimsey,jgrimsey28@privacy.gov.au,Female,117.143.185.47
166,Isidore,Blunsen,iblunsen29@cisco.com,Agender,164.79.182.245
167,Brade,Hilldrup,bhilldrup2a@goodreads.com,Male,38.83.130.162
168,Dagny,Tickel,dtickel2b@msn.com,Male,42.30.17.74
169,Lucienne,Mohan,lmohan2c@ebay.com,Female,69.2.47.47
170,Skipp,Burcombe,sburcombe2d@ucoz.com,Male,154.125.3.228
171,Timi,Downton,tdownton2e@cpanel.net,Agender,216.253.63.57
172,Olva,Bassindale,obassindale2f@google.ru,Female,11.132.200.111
173,Barbee,Pietrzyk,bpietrzyk2g@smh.com.au,Female,74.99.63.187
174,La verne,Gellier,lgellier2h@apple.com,Agender,167.47.227.86
175,Noam,Patey,npatey2i@weather.com,Male,129.186.161.143
176,Selby,Rosengarten,srosengarten2j@so-net.ne.jp,Male,165.232.13.119
177,Joaquin,Philipot,jphilipot2k@blogger.com,Bigender,160.160.253.241
178,Alaster,Heppenspall,aheppenspall2l@army.mil,Male,234.35.127.130
179,Winn,Vallentin,wvallentin2m@howstuffworks.com,Male,226.12.57.95
180,Prince,Shemwell,pshemwell2n@domainmarket.com,Male,133.26.210.233
181,Raffaello,Harlock,rharlock2o@unicef.org,Bigender,148.237.35.55
182,Kippar,Pala,kpala2p@hatena.ne.jp,Male,187.197.189.241
183,Gilligan,Gareisr,ggareisr2q@earthlink.net,Female,207.222.221.185
184,Angelia,Stain,astain2r@theguardian.com,Female,50.92.251.225
185,Isidore,Blunsen,iblunsen29@cisco.com,Agender,164.79.182.245
186,Brade,Hilldrup,bhilldrup2a@goodreads.com,Male,38.83.130.162
187,Dagny,Tickel,dtickel2b@msn.com,Male,42.30.17.74
188,Lucienne,Mohan,lmohan2c@ebay.com,Female,69.2.47.47
189,Skipp,Burcombe,sburcombe2d@ucoz.com,Male,154.125.3.228
190,Timi,Downton,tdownton2e@cpanel.net,Agender,216.253.63.57
191,Olva,Bassindale,obassindale2f@google.ru,Female,11.132.200.111
192,Barbee,Pietrzyk,bpietrzyk2g@smh.com.au,Female,74.99.63.187
193,La verne,Gellier,lgellier2h@apple.com,Agender,167.47.227.86
194,Noam,Patey,npatey2i@weather.com,Male,129.186.161.143
195,Selby,Rosengarten,srosengarten2j@so-net.ne.jp,Male,165.232.13.119
196,Joaquin,Philipot,jphilipot2k@blogger.com,Bigender,160.160.253.241
197,Alaster,Heppenspall,aheppenspall2l@army.mil,Male,234.35.127.130
198,Winn,Vallentin,wvallentin2m@howstuffworks.com,Male,226.12.57.95
199,Prince,Shemwell,pshemwell2n@domainmarket.com,Male,133.26.210.233
200,Raffaello,Harlock,rharlock2o@unicef.org,Bigender,148.237.35.55
201,Kippar,Pala,kpala2p@hatena.ne.jp,Male,187.197.189.241
202,Gilligan,Gareisr,ggareisr2q@earthlink.net,Female,207.222.221.185
203,Angelia,Stain,astain2r@theguardian.com,Female,50.92.251.225
